,CASE_NO,ORDER_NO,EFFECTIVE_DATE,ADDRESS,ORDER_TYPE,VIOLATION DESCRIPTION,Zip
1,803627,4623059,2/5/2018,22422 W DOLOROSA ST,SUBSTANDARD ORDER,"The building or premises is Substandard due to illegal occupancy of the garage.
",
2,803634,4623493,2/7/2018,320 W 48TH ST,SUBSTANDARD ORDER,"The building or premises is Substandard due to illegal occupancy.
",90037
3,789983,4625126,2/8/2018,2821 S GREENFIELD AVE,SUBSTANDARD ORDER,"The building or premises is Substandard due to illegal occupancy. Garage has been converted to a dwelling.
",90064
4,803976,4625264,2/8/2018,16632 W LASSEN ST,SUBSTANDARD ORDER,"The building or premises is Substandard due to illegal occupancy by converting the rear patio cover to a room addition.
",
5,680936,4625865,2/9/2018,8714 W HOLLYWOOD BLVD,SUBSTANDARD ORDER-SUPPLEMENTAL,"The building or premises is Substandard due to illegal use and occupancy.
",90069
6,803628,4623017,2/9/2018,8913 N GREENBUSH AVE,SUBSTANDARD ORDER,"The building or premises is Substandard due to illegal occupancy..
",
7,798811,4625939,2/12/2018,8934 S WESTERN AVE,SUBSTANDARD ORDER,"Building or structure is being used, occupied, or it's existing occupancy classification has changed without the issuance of a valid Certificate of Occupancy.
",90047
